{"count":1,"self":42.444364799999995,"total":68.065727299999992,"children":{"InitializeActuators":{"count":1,"self":0.0009994,"total":0.0009994,"children":null},"InitializeSensors":{"count":1,"self":0.0010053,"total":0.0010053,"children":null},"AgentSendState":{"count":1801,"self":0.0240732,"total":0.2205154,"children":{"CollectObservations":{"count":1801,"self":0.0115132,"total":0.0115132,"children":null},"WriteActionMask":{"count":1801,"self":0.13552409999999998,"total":0.13552409999999998,"children":null},"RequestDecision":{"count":1801,"self":0.0170347,"total":0.049404899999999995,"children":{"AgentInfo.ToProto":{"count":1801,"self":0.0120381,"total":0.0323702,"children":{"GenerateSensorData":{"count":1801,"self":0.0203321,"total":0.0203321,"children":null}}}}}}},"DecideAction":{"count":1801,"self":18.045911999999998,"total":18.045911699999998,"children":null},"AgentAct":{"count":1801,"self":7.3423831999999996,"total":7.3529309,"children":{"AgentInfo.ToProto":{"count":513,"self":0.0070386999999999993,"total":0.010547599999999999,"children":{"GenerateSensorData":{"count":513,"self":0.0035088999999999997,"total":0.0035088999999999997,"children":null}}}}}},"gauges":{"AssemblyAgent.CumulativeReward":{"count":513,"max":6.9,"min":-7.35,"runningAverage":2.53928137,"value":-6.7,"weightedAverage":0.539754748}},"metadata":{"timer_format_version":"0.1.0","start_time_seconds":"1709151508","unity_version":"2022.3.20f1","command_line_arguments":"C:\\Program Files\\Unity\\Hub\\Editor\\2022.3.20f1\\Editor\\Unity.exe -projectpath C:\\Users\\cshhong\\AssemblyAgent -useHub -hubIPC -cloudEnvironment production","communication_protocol_version":"1.5.0","com.unity.ml-agents_version":"3.0.0-exp.1","scene_name":"Main","end_time_seconds":"1709151576"}}